{
  "run_type": "sampling_impact_table_4_6",
  "seed": 4,
  "device": "cuda",
  "fixed_model": "PhoBERT-BiLSTM (proposed)",
  "best_method": "PhoBIHSD + ROS",
  "best_macro_f1": 0.6555842249535768,
  "methods": {
    "PhoBIHSD (khong can bang)": {
      "accuracy": 0.8377245508982036,
      "precision_macro": 0.6125335723121951,
      "recall_macro": 0.6976249043765517,
      "f1_macro": 0.6457495688537863,
      "method_key": "NONE",
      "n_samples_after_sampling": 24046,
      "class_distribution_after_sampling": {
        "Clean": 19885,
        "Hate": 2556,
        "Offensive": 1605
      },
      "thresholds": [
        0.4,
        0.4,
        0.6
      ]
    },
    "PhoBIHSD + ROS": {
      "accuracy": 0.8483532934131737,
      "precision_macro": 0.6250447494853122,
      "recall_macro": 0.6992861894942678,
      "f1_macro": 0.6555842249535768,
      "method_key": "ROS",
      "n_samples_after_sampling": 59655,
      "class_distribution_after_sampling": {
        "Clean": 19885,
        "Hate": 19885,
        "Offensive": 19885
      },
      "thresholds": [
        0.4,
        0.4,
        0.55
      ]
    },
    "PhoBIHSD + ROS + ENN": {
      "accuracy": 0.842814371257485,
      "precision_macro": 0.6184666653960302,
      "recall_macro": 0.692236447854437,
      "f1_macro": 0.6485243110297926,
      "method_key": "ROS+ENN",
      "n_samples_after_sampling": 58366,
      "class_distribution_after_sampling": {
        "Clean": 19885,
        "Hate": 19244,
        "Offensive": 19237
      },
      "thresholds": [
        0.4,
        0.5,
        0.4
      ]
    },
    "PhoBIHSD + ROS + NearMiss": {
      "accuracy": 0.545059880239521,
      "precision_macro": 0.47301669975255883,
      "recall_macro": 0.6068691320887796,
      "f1_macro": 0.44336687674750536,
      "method_key": "ROS+NearMiss",
      "n_samples_after_sampling": 4815,
      "class_distribution_after_sampling": {
        "Clean": 1605,
        "Hate": 1605,
        "Offensive": 1605
      },
      "thresholds": [
        0.4,
        0.4,
        0.6
      ]
    },
    "PhoBIHSD + ROS + RUS": {
      "accuracy": 0.7459580838323353,
      "precision_macro": 0.5331402028496388,
      "recall_macro": 0.6769384930444436,
      "f1_macro": 0.5658531245037965,
      "method_key": "ROS+RUS",
      "n_samples_after_sampling": 4815,
      "class_distribution_after_sampling": {
        "Clean": 1605,
        "Hate": 1605,
        "Offensive": 1605
      },
      "thresholds": [
        0.4,
        0.55,
        0.5
      ]
    },
    "PhoBIHSD + ROS + Tomek Links": {
      "accuracy": 0.8444610778443113,
      "precision_macro": 0.6201959683518224,
      "recall_macro": 0.6956520578860914,
      "f1_macro": 0.6509888196604888,
      "method_key": "ROS+Tomek",
      "n_samples_after_sampling": 59655,
      "class_distribution_after_sampling": {
        "Clean": 19885,
        "Hate": 19885,
        "Offensive": 19885
      },
      "thresholds": [
        0.4,
        0.6,
        0.5
      ]
    }
  }
}